<resources>
    <color name="md_theme_primary">#416900</color>
    <color name="md_theme_onPrimary">#FFFFFF</color>
    <color name="md_theme_primaryContainer">#9EDA4F</color>
    <color name="md_theme_onPrimaryContainer">#253E00</color>
    <color name="md_theme_secondary">#4E662F</color>
    <color name="md_theme_onSecondary">#FFFFFF</color>
    <color name="md_theme_secondaryContainer">#D2EEAA</color>
    <color name="md_theme_onSecondaryContainer">#39501C</color>
    <color name="md_theme_tertiary">#006D42</color>
    <color name="md_theme_onTertiary">#FFFFFF</color>
    <color name="md_theme_tertiaryContainer">#36E495</color>
    <color name="md_theme_onTertiaryContainer">#004126</color>
    <color name="md_theme_error">#BA1A1A</color>
    <color name="md_theme_onError">#FFFFFF</color>
    <color name="md_theme_errorContainer">#FFDAD6</color>
    <color name="md_theme_onErrorContainer">#410002</color>
    <color name="md_theme_background">#F8FBEB</color>
    <color name="md_theme_onBackground">#191D13</color>
    <color name="md_theme_surface">#F8FBEB</color>
    <color name="md_theme_onSurface">#191D13</color>
    <color name="md_theme_surfaceVariant">#DEE5CE</color>
    <color name="md_theme_onSurfaceVariant">#424938</color>
    <color name="md_theme_outline">#737A66</color>
    <color name="md_theme_outlineVariant">#C2C9B3</color>
    <color name="md_theme_scrim">#000000</color>
    <color name="md_theme_inverseSurface">#2E3227</color>
    <color name="md_theme_inverseOnSurface">#EFF2E3</color>
    <color name="md_theme_inversePrimary">#9CD84D</color>
    <color name="md_theme_primaryFixed">#B7F566</color>
    <color name="md_theme_onPrimaryFixed">#102000</color>
    <color name="md_theme_primaryFixedDim">#9CD84D</color>
    <color name="md_theme_onPrimaryFixedVariant">#304F00</color>
    <color name="md_theme_secondaryFixed">#D0ECA8</color>
    <color name="md_theme_onSecondaryFixed">#102000</color>
    <color name="md_theme_secondaryFixedDim">#B4D08E</color>
    <color name="md_theme_onSecondaryFixedVariant">#374D1A</color>
    <color name="md_theme_tertiaryFixed">#5AFEAC</color>
    <color name="md_theme_onTertiaryFixed">#002111</color>
    <color name="md_theme_tertiaryFixedDim">#31E192</color>
    <color name="md_theme_onTertiaryFixedVariant">#005231</color>
    <color name="md_theme_surfaceDim">#D8DCCC</color>
    <color name="md_theme_surfaceBright">#F8FBEB</color>
    <color name="md_theme_surfaceContainerLowest">#FFFFFF</color>
    <color name="md_theme_surfaceContainerLow">#F2F5E5</color>
    <color name="md_theme_surfaceContainer">#ECEFE0</color>
    <color name="md_theme_surfaceContainerHigh">#E7EADA</color>
    <color name="md_theme_surfaceContainerHighest">#E1E4D5</color>
    <color name="md_theme_primary_mediumContrast">#2D4B00</color>
    <color name="md_theme_onPrimary_mediumContrast">#FFFFFF</color>
    <color name="md_theme_primaryContainer_mediumContrast">#528100</color>
    <color name="md_theme_onPrimaryContainer_mediumContrast">#FFFFFF</color>
    <color name="md_theme_secondary_mediumContrast">#334916</color>
    <color name="md_theme_onSecondary_mediumContrast">#FFFFFF</color>
    <color name="md_theme_secondaryContainer_mediumContrast">#647C43</color>
    <color name="md_theme_onSecondaryContainer_mediumContrast">#FFFFFF</color>
    <color name="md_theme_tertiary_mediumContrast">#004D2E</color>
    <color name="md_theme_onTertiary_mediumContrast">#FFFFFF</color>
    <color name="md_theme_tertiaryContainer_mediumContrast">#008652</color>
    <color name="md_theme_onTertiaryContainer_mediumContrast">#FFFFFF</color>
    <color name="md_theme_error_mediumContrast">#8C0009</color>
    <color name="md_theme_onError_mediumContrast">#FFFFFF</color>
    <color name="md_theme_errorContainer_mediumContrast">#DA342E</color>
    <color name="md_theme_onErrorContainer_mediumContrast">#FFFFFF</color>
    <color name="md_theme_background_mediumContrast">#F8FBEB</color>
    <color name="md_theme_onBackground_mediumContrast">#191D13</color>
    <color name="md_theme_surface_mediumContrast">#F8FBEB</color>
    <color name="md_theme_onSurface_mediumContrast">#191D13</color>
    <color name="md_theme_surfaceVariant_mediumContrast">#DEE5CE</color>
    <color name="md_theme_onSurfaceVariant_mediumContrast">#3E4534</color>
    <color name="md_theme_outline_mediumContrast">#5B624F</color>
    <color name="md_theme_outlineVariant_mediumContrast">#767D6A</color>
    <color name="md_theme_scrim_mediumContrast">#000000</color>
    <color name="md_theme_inverseSurface_mediumContrast">#2E3227</color>
    <color name="md_theme_inverseOnSurface_mediumContrast">#EFF2E3</color>
    <color name="md_theme_inversePrimary_mediumContrast">#9CD84D</color>
    <color name="md_theme_primaryFixed_mediumContrast">#528100</color>
    <color name="md_theme_onPrimaryFixed_mediumContrast">#FFFFFF</color>
    <color name="md_theme_primaryFixedDim_mediumContrast">#406600</color>
    <color name="md_theme_onPrimaryFixedVariant_mediumContrast">#FFFFFF</color>
    <color name="md_theme_secondaryFixed_mediumContrast">#647C43</color>
    <color name="md_theme_onSecondaryFixed_mediumContrast">#FFFFFF</color>
    <color name="md_theme_secondaryFixedDim_mediumContrast">#4C632D</color>
    <color name="md_theme_onSecondaryFixedVariant_mediumContrast">#FFFFFF</color>
    <color name="md_theme_tertiaryFixed_mediumContrast">#008652</color>
    <color name="md_theme_onTertiaryFixed_mediumContrast">#FFFFFF</color>
    <color name="md_theme_tertiaryFixedDim_mediumContrast">#006A40</color>
    <color name="md_theme_onTertiaryFixedVariant_mediumContrast">#FFFFFF</color>
    <color name="md_theme_surfaceDim_mediumContrast">#D8DCCC</color>
    <color name="md_theme_surfaceBright_mediumContrast">#F8FBEB</color>
    <color name="md_theme_surfaceContainerLowest_mediumContrast">#FFFFFF</color>
    <color name="md_theme_surfaceContainerLow_mediumContrast">#F2F5E5</color>
    <color name="md_theme_surfaceContainer_mediumContrast">#ECEFE0</color>
    <color name="md_theme_surfaceContainerHigh_mediumContrast">#E7EADA</color>
    <color name="md_theme_surfaceContainerHighest_mediumContrast">#E1E4D5</color>
    <color name="md_theme_primary_highContrast">#152700</color>
    <color name="md_theme_onPrimary_highContrast">#FFFFFF</color>
    <color name="md_theme_primaryContainer_highContrast">#2D4B00</color>
    <color name="md_theme_onPrimaryContainer_highContrast">#FFFFFF</color>
    <color name="md_theme_secondary_highContrast">#152700</color>
    <color name="md_theme_onSecondary_highContrast">#FFFFFF</color>
    <color name="md_theme_secondaryContainer_highContrast">#334916</color>
    <color name="md_theme_onSecondaryContainer_highContrast">#FFFFFF</color>
    <color name="md_theme_tertiary_highContrast">#002916</color>
    <color name="md_theme_onTertiary_highContrast">#FFFFFF</color>
    <color name="md_theme_tertiaryContainer_highContrast">#004D2E</color>
    <color name="md_theme_onTertiaryContainer_highContrast">#FFFFFF</color>
    <color name="md_theme_error_highContrast">#4E0002</color>
    <color name="md_theme_onError_highContrast">#FFFFFF</color>
    <color name="md_theme_errorContainer_highContrast">#8C0009</color>
    <color name="md_theme_onErrorContainer_highContrast">#FFFFFF</color>
    <color name="md_theme_background_highContrast">#F8FBEB</color>
    <color name="md_theme_onBackground_highContrast">#191D13</color>
    <color name="md_theme_surface_highContrast">#F8FBEB</color>
    <color name="md_theme_onSurface_highContrast">#000000</color>
    <color name="md_theme_surfaceVariant_highContrast">#DEE5CE</color>
    <color name="md_theme_onSurfaceVariant_highContrast">#202617</color>
    <color name="md_theme_outline_highContrast">#3E4534</color>
    <color name="md_theme_outlineVariant_highContrast">#3E4534</color>
    <color name="md_theme_scrim_highContrast">#000000</color>
    <color name="md_theme_inverseSurface_highContrast">#2E3227</color>
    <color name="md_theme_inverseOnSurface_highContrast">#FFFFFF</color>
    <color name="md_theme_inversePrimary_highContrast">#C0FF6F</color>
    <color name="md_theme_primaryFixed_highContrast">#2D4B00</color>
    <color name="md_theme_onPrimaryFixed_highContrast">#FFFFFF</color>
    <color name="md_theme_primaryFixedDim_highContrast">#1D3200</color>
    <color name="md_theme_onPrimaryFixedVariant_highContrast">#FFFFFF</color>
    <color name="md_theme_secondaryFixed_highContrast">#334916</color>
    <color name="md_theme_onSecondaryFixed_highContrast">#FFFFFF</color>
    <color name="md_theme_secondaryFixedDim_highContrast">#1E3202</color>
    <color name="md_theme_onSecondaryFixedVariant_highContrast">#FFFFFF</color>
    <color name="md_theme_tertiaryFixed_highContrast">#004D2E</color>
    <color name="md_theme_onTertiaryFixed_highContrast">#FFFFFF</color>
    <color name="md_theme_tertiaryFixedDim_highContrast">#00341D</color>
    <color name="md_theme_onTertiaryFixedVariant_highContrast">#FFFFFF</color>
    <color name="md_theme_surfaceDim_highContrast">#D8DCCC</color>
    <color name="md_theme_surfaceBright_highContrast">#F8FBEB</color>
    <color name="md_theme_surfaceContainerLowest_highContrast">#FFFFFF</color>
    <color name="md_theme_surfaceContainerLow_highContrast">#F2F5E5</color>
    <color name="md_theme_surfaceContainer_highContrast">#ECEFE0</color>
    <color name="md_theme_surfaceContainerHigh_highContrast">#E7EADA</color>
    <color name="md_theme_surfaceContainerHighest_highContrast">#E1E4D5</color>
    <color name="colorDelete">#6D0005</color>
    <color name="colorOnDelete">#FFFFFF</color>
    <color name="colorDeleteContainer">#A91717</color>
    <color name="colorOnDeleteContainer">#FFF7F6</color>
    <color name="colorDelete_mediumContrast">#6D0005</color>
    <color name="colorOnDelete_mediumContrast">#FFFFFF</color>
    <color name="colorDeleteContainer_mediumContrast">#A91717</color>
    <color name="colorOnDeleteContainer_mediumContrast">#FFFFFF</color>
    <color name="colorDelete_highContrast">#4E0003</color>
    <color name="colorOnDelete_highContrast">#FFFFFF</color>
    <color name="colorDeleteContainer_highContrast">#8C0009</color>
    <color name="colorOnDeleteContainer_highContrast">#FFFFFF</color>
</resources>
